商品ID,商品規格ID,親規格分類ID,規格分類ID,親規格分類名,規格分類名,メーカーID,メーカー名,商品名,表示ステータス(公開・非公開),メーカーURL(コメント1),コメント2,検索ワード(コメント3),コメント4,コメント5,コメント6,備考欄(SHOP専用),一覧-メインコメント,一覧-メイン画像,詳細-メインコメント,詳細-メイン画像,詳細-メイン拡大画像,詳細-サブタイトル(1),詳細-サブコメント(1),詳細-サブ画像(1),詳細-サブ拡大画像(1),詳細-サブタイトル(2),詳細-サブコメント(2),詳細-サブ画像(2),詳細-サブ拡大画像(2),詳細-サブタイトル(3),詳細-サブコメント(3),詳細-サブ画像(3),詳細-サブ拡大画像(3),詳細-サブタイトル(4),詳細-サブコメント(4),詳細-サブ画像(4),詳細-サブ拡大画像(4),詳細-サブタイトル(5),詳細-サブコメント(5),詳細-サブ画像(5),詳細-サブ拡大画像(5),発送日目安ID,削除フラグ,商品種別ID,商品コード,在庫数,在庫無制限フラグ,販売制限数,通常価格,販売価格,送料,ポイント付与率,ダウンロードファイル名,ダウンロード実ファイル,関連商品ID(1),関連商品コメント(1),関連商品ID(2),関連商品コメント(2),関連商品ID(3),関連商品コメント(3),関連商品ID(4),関連商品コメント(4),関連商品ID(5),関連商品コメント(5),関連商品ID(6),関連商品コメント(6),商品ステータス,商品ステータス名,カテゴリID,カテゴリ名
,,0,0,,,8,Paper wallet,ペーパーウォレット[paper wallet]Bank,1,http://paperwallet.com,,"ペーパーウォレット, paperwallet, paper wallet, HYPE Hawaiian, ハワイ",,,,,"Paperwallet(ペーパーウォレット)
New York 生まれの紙でできた財布、カードケース。商品をキャンバスに見立て、世界中の
デザイナーのアートをプリント。素材はデュポン社の開発した「Tyvek( タイべック)」を
使用。透湿・防水性に優れ、強度と耐久性を持ちながら、リサイクル可能な画期的な素材です。",,"Paperwallet(ペーパーウォレット)
New York 生まれの紙でできた財布、カードケース。商品をキャンバスに見立て、世界中の
デザイナーのアートをプリント。素材はデュポン社の開発した「Tyvek( タイべック)」を
使用。透湿・防水性に優れ、強度と耐久性を持ちながら、リサイクル可能な画期的な素材です。",,,,,,,,,,,,,,,,,,,,,,,3,0,1,SOL011BAN,0,0,,2000,2000,,0,,,,,,,,,,,,,,,"1,2,4","NEW,残りわずか,オススメ",18,ウォレット/ペーパーウォレット
,,0,0,,,8,Paper wallet,ペーパーウォレット[paper wallet]camo,1,http://paperwallet.com,,"ペーパーウォレット, paperwallet, paper wallet, HYPE Hawaiian, ハワイ",,,,,"Paperwallet(ペーパーウォレット)
New York 生まれの紙でできた財布、カードケース。商品をキャンバスに見立て、世界中の
デザイナーのアートをプリント。素材はデュポン社の開発した「Tyvek( タイべック)」を
使用。透湿・防水性に優れ、強度と耐久性を持ちながら、リサイクル可能な画期的な素材です。",,"Paperwallet(ペーパーウォレット)
New York 生まれの紙でできた財布、カードケース。商品をキャンバスに見立て、世界中の
デザイナーのアートをプリント。素材はデュポン社の開発した「Tyvek( タイべック)」を
使用。透湿・防水性に優れ、強度と耐久性を持ちながら、リサイクル可能な画期的な素材です。",,,,,,,,,,,,,,,,,,,,,,,3,0,1,SOL013MIC,0,0,,2000,2000,,0,,,,,,,,,,,,,,,"1,2,4","NEW,残りわずか,オススメ",18,ウォレット/ペーパーウォレット
,,0,0,,,8,Paper wallet,ペーパーウォレット[paper wallet]FINAL FRONTIER,1,http://paperwallet.com,,"ペーパーウォレット, paperwallet, paper wallet, HYPE Hawaiian, ハワイ",,,,,"Paperwallet(ペーパーウォレット)
New York 生まれの紙でできた財布、カードケース。商品をキャンバスに見立て、世界中の
デザイナーのアートをプリント。素材はデュポン社の開発した「Tyvek( タイべック)」を
使用。透湿・防水性に優れ、強度と耐久性を持ちながら、リサイクル可能な画期的な素材です。",,"Paperwallet(ペーパーウォレット)
New York 生まれの紙でできた財布、カードケース。商品をキャンバスに見立て、世界中の
デザイナーのアートをプリント。素材はデュポン社の開発した「Tyvek( タイべック)」を
使用。透湿・防水性に優れ、強度と耐久性を持ちながら、リサイクル可能な画期的な素材です。",,,,,,,,,,,,,,,,,,,,,,,3,0,1,ART018SLI,0,0,,2000,2000,,0,,,,,,,,,,,,,,,"1,2,4","NEW,残りわずか,オススメ",18,ウォレット/ペーパーウォレット
,,0,0,,,8,Paper wallet,ペーパーウォレット[paper wallet]Galaxy,1,http://paperwallet.com,,"ペーパーウォレット, paperwallet, paper wallet, HYPE Hawaiian, ハワイ",,,,,"Paperwallet(ペーパーウォレット)
New York 生まれの紙でできた財布、カードケース。商品をキャンバスに見立て、世界中の
デザイナーのアートをプリント。素材はデュポン社の開発した「Tyvek( タイべック)」を
使用。透湿・防水性に優れ、強度と耐久性を持ちながら、リサイクル可能な画期的な素材です。",,"Paperwallet(ペーパーウォレット)
New York 生まれの紙でできた財布、カードケース。商品をキャンバスに見立て、世界中の
デザイナーのアートをプリント。素材はデュポン社の開発した「Tyvek( タイべック)」を
使用。透湿・防水性に優れ、強度と耐久性を持ちながら、リサイクル可能な画期的な素材です。",,,,,,,,,,,,,,,,,,,,,,,3,0,1,SOL015GAL,0,0,,2000,2000,,0,,,,,,,,,,,,,,,"1,2,4","NEW,残りわずか,オススメ",18,ウォレット/ペーパーウォレット
,,0,0,,,8,Paper wallet,ペーパーウォレット[paper wallet]HALL OF NAME,1,http://paperwallet.com,,"ペーパーウォレット, paperwallet, paper wallet, HYPE Hawaiian, ハワイ",,,,,"Paperwallet(ペーパーウォレット)
New York 生まれの紙でできた財布、カードケース。商品をキャンバスに見立て、世界中の
デザイナーのアートをプリント。素材はデュポン社の開発した「Tyvek( タイべック)」を
使用。透湿・防水性に優れ、強度と耐久性を持ちながら、リサイクル可能な画期的な素材です。",,"Paperwallet(ペーパーウォレット)
New York 生まれの紙でできた財布、カードケース。商品をキャンバスに見立て、世界中の
デザイナーのアートをプリント。素材はデュポン社の開発した「Tyvek( タイべック)」を
使用。透湿・防水性に優れ、強度と耐久性を持ちながら、リサイクル可能な画期的な素材です。",,,,,,,,,,,,,,,,,,,,,,,3,0,1,ART033BLE,0,0,,2000,2000,,0,,,,,,,,,,,,,,,"1,2,4","NEW,残りわずか,オススメ",18,ウォレット/ペーパーウォレット
,,0,0,,,8,Paper wallet,ペーパーウォレット[paper wallet]HYPE-EINSTEIN,1,http://paperwallet.com,,"ペーパーウォレット, paperwallet, paper wallet, HYPE Hawaiian, ハワイ",,,,,"Paperwallet(ペーパーウォレット)
New York 生まれの紙でできた財布、カードケース。商品をキャンバスに見立て、世界中の
デザイナーのアートをプリント。素材はデュポン社の開発した「Tyvek( タイべック)」を
使用。透湿・防水性に優れ、強度と耐久性を持ちながら、リサイクル可能な画期的な素材です。",,"Paperwallet(ペーパーウォレット)
New York 生まれの紙でできた財布、カードケース。商品をキャンバスに見立て、世界中の
デザイナーのアートをプリント。素材はデュポン社の開発した「Tyvek( タイべック)」を
使用。透湿・防水性に優れ、強度と耐久性を持ちながら、リサイクル可能な画期的な素材です。",,,,,,,,,,,,,,,,,,,,,,,3,0,1,ART034HEI,0,0,,2000,2000,,0,,,,,,,,,,,,,,,"1,2,4","NEW,残りわずか,オススメ",18,ウォレット/ペーパーウォレット
,,0,0,,,8,Paper wallet,ペーパーウォレット[paper wallet]INTRALIGI,1,http://paperwallet.com,,"ペーパーウォレット, paperwallet, paper wallet, HYPE Hawaiian, ハワイ",,,,,"Paperwallet(ペーパーウォレット)
New York 生まれの紙でできた財布、カードケース。商品をキャンバスに見立て、世界中の
デザイナーのアートをプリント。素材はデュポン社の開発した「Tyvek( タイべック)」を
使用。透湿・防水性に優れ、強度と耐久性を持ちながら、リサイクル可能な画期的な素材です。",,"Paperwallet(ペーパーウォレット)
New York 生まれの紙でできた財布、カードケース。商品をキャンバスに見立て、世界中の
デザイナーのアートをプリント。素材はデュポン社の開発した「Tyvek( タイべック)」を
使用。透湿・防水性に優れ、強度と耐久性を持ちながら、リサイクル可能な画期的な素材です。",,,,,,,,,,,,,,,,,,,,,,,3,0,1,ART0002INT,0,0,,2000,2000,,0,,,,,,,,,,,,,,,"1,2,4","NEW,残りわずか,オススメ",18,ウォレット/ペーパーウォレット
,,0,0,,,8,Paper wallet,ペーパーウォレット[paper wallet] Just Hype,1,http://paperwallet.com,,"ペーパーウォレット, paperwallet, paper wallet, HYPE Hawaiian, ハワイ",,,,,"Paperwallet(ペーパーウォレット)
New York 生まれの紙でできた財布、カードケース。商品をキャンバスに見立て、世界中の
デザイナーのアートをプリント。素材はデュポン社の開発した「Tyvek( タイべック)」を
使用。透湿・防水性に優れ、強度と耐久性を持ちながら、リサイクル可能な画期的な素材です。",,"Paperwallet(ペーパーウォレット)
New York 生まれの紙でできた財布、カードケース。商品をキャンバスに見立て、世界中の
デザイナーのアートをプリント。素材はデュポン社の開発した「Tyvek( タイべック)」を
使用。透湿・防水性に優れ、強度と耐久性を持ちながら、リサイクル可能な画期的な素材です。",,,,,,,,,,,,,,,,,,,,,,,3,0,1,ART035HFL,0,0,,2000,2000,,0,,,,,,,,,,,,,,,"1,2,4","NEW,残りわずか,オススメ",18,ウォレット/ペーパーウォレット
,,0,0,,,8,Paper wallet,ペーパーウォレット[paper wallet] MATACHO,1,http://paperwallet.com,,"ペーパーウォレット, paperwallet, paper wallet, HYPE Hawaiian, ハワイ",,,,,"Paperwallet(ペーパーウォレット)
New York 生まれの紙でできた財布、カードケース。商品をキャンバスに見立て、世界中の
デザイナーのアートをプリント。素材はデュポン社の開発した「Tyvek( タイべック)」を
使用。透湿・防水性に優れ、強度と耐久性を持ちながら、リサイクル可能な画期的な素材です。",,"Paperwallet(ペーパーウォレット)
New York 生まれの紙でできた財布、カードケース。商品をキャンバスに見立て、世界中の
デザイナーのアートをプリント。素材はデュポン社の開発した「Tyvek( タイべック)」を
使用。透湿・防水性に優れ、強度と耐久性を持ちながら、リサイクル可能な画期的な素材です。",,,,,,,,,,,,,,,,,,,,,,,3,0,1,ART010NAT,0,0,,2000,2000,,0,,,,,,,,,,,,,,,"1,2,4","NEW,残りわずか,オススメ",18,ウォレット/ペーパーウォレット
,,0,0,,,8,Paper wallet,ペーパーウォレット[paper wallet] Mr.Phomer,1,http://paperwallet.com,,"ペーパーウォレット, paperwallet, paper wallet, HYPE Hawaiian, ハワイ",,,,,"Paperwallet(ペーパーウォレット)
New York 生まれの紙でできた財布、カードケース。商品をキャンバスに見立て、世界中の
デザイナーのアートをプリント。素材はデュポン社の開発した「Tyvek( タイべック)」を
使用。透湿・防水性に優れ、強度と耐久性を持ちながら、リサイクル可能な画期的な素材です。",,"Paperwallet(ペーパーウォレット)
New York 生まれの紙でできた財布、カードケース。商品をキャンバスに見立て、世界中の
デザイナーのアートをプリント。素材はデュポン社の開発した「Tyvek( タイべック)」を
使用。透湿・防水性に優れ、強度と耐久性を持ちながら、リサイクル可能な画期的な素材です。",,,,,,,,,,,,,,,,,,,,,,,3,0,1,ART021PHO,0,0,,2000,2000,,0,,,,,,,,,,,,,,,"1,2,4","NEW,残りわずか,オススメ",18,ウォレット/ペーパーウォレット
,,0,0,,,8,Paper wallet,ペーパーウォレット[paper wallet] Silent Glory,1,http://paperwallet.com,,"ペーパーウォレット, paperwallet, paper wallet, HYPE Hawaiian, ハワイ",,,,,"Paperwallet(ペーパーウォレット)
New York 生まれの紙でできた財布、カードケース。商品をキャンバスに見立て、世界中の
デザイナーのアートをプリント。素材はデュポン社の開発した「Tyvek( タイべック)」を
使用。透湿・防水性に優れ、強度と耐久性を持ちながら、リサイクル可能な画期的な素材です。",,"Paperwallet(ペーパーウォレット)
New York 生まれの紙でできた財布、カードケース。商品をキャンバスに見立て、世界中の
デザイナーのアートをプリント。素材はデュポン社の開発した「Tyvek( タイべック)」を
使用。透湿・防水性に優れ、強度と耐久性を持ちながら、リサイクル可能な画期的な素材です。",,,,,,,,,,,,,,,,,,,,,,,3,0,1,ART026PIL,0,0,,2000,2000,,0,,,,,,,,,,,,,,,"1,2,4","NEW,残りわずか,オススメ",18,ウォレット/ペーパーウォレット
,,0,0,,,8,Paper wallet,ペーパーウォレット[paper wallet] STREETGRAPES,1,http://paperwallet.com,,"ペーパーウォレット, paperwallet, paper wallet, HYPE Hawaiian, ハワイ",,,,,"Paperwallet(ペーパーウォレット)
New York 生まれの紙でできた財布、カードケース。商品をキャンバスに見立て、世界中の
デザイナーのアートをプリント。素材はデュポン社の開発した「Tyvek( タイべック)」を
使用。透湿・防水性に優れ、強度と耐久性を持ちながら、リサイクル可能な画期的な素材です。",,"Paperwallet(ペーパーウォレット)
New York 生まれの紙でできた財布、カードケース。商品をキャンバスに見立て、世界中の
デザイナーのアートをプリント。素材はデュポン社の開発した「Tyvek( タイべック)」を
使用。透湿・防水性に優れ、強度と耐久性を持ちながら、リサイクル可能な画期的な素材です。",,,,,,,,,,,,,,,,,,,,,,,3,0,1,ART007STR,0,0,,2000,2000,,0,,,,,,,,,,,,,,,"1,2,4","NEW,残りわずか,オススメ",18,ウォレット/ペーパーウォレット
,,0,0,,,8,Paper wallet,ペーパーウォレット[paper wallet] TWENTY ELEVEN,1,http://paperwallet.com,,"ペーパーウォレット, paperwallet, paper wallet, HYPE Hawaiian, ハワイ",,,,,"Paperwallet(ペーパーウォレット)
New York 生まれの紙でできた財布、カードケース。商品をキャンバスに見立て、世界中の
デザイナーのアートをプリント。素材はデュポン社の開発した「Tyvek( タイべック)」を
使用。透湿・防水性に優れ、強度と耐久性を持ちながら、リサイクル可能な画期的な素材です。",,"Paperwallet(ペーパーウォレット)
New York 生まれの紙でできた財布、カードケース。商品をキャンバスに見立て、世界中の
デザイナーのアートをプリント。素材はデュポン社の開発した「Tyvek( タイべック)」を
使用。透湿・防水性に優れ、強度と耐久性を持ちながら、リサイクル可能な画期的な素材です。",,,,,,,,,,,,,,,,,,,,,,,3,0,1,ART012ELN,0,0,,2000,2000,,0,,,,,,,,,,,,,,,"1,2,4","NEW,残りわずか,オススメ",18,ウォレット/ペーパーウォレット
,,0,0,,,8,Paper wallet,ペーパーウォレット[paper wallet] Unga,1,http://paperwallet.com,,"ペーパーウォレット, paperwallet, paper wallet, HYPE Hawaiian, ハワイ",,,,,"Paperwallet(ペーパーウォレット)
New York 生まれの紙でできた財布、カードケース。商品をキャンバスに見立て、世界中の
デザイナーのアートをプリント。素材はデュポン社の開発した「Tyvek( タイべック)」を
使用。透湿・防水性に優れ、強度と耐久性を持ちながら、リサイクル可能な画期的な素材です。",,"Paperwallet(ペーパーウォレット)
New York 生まれの紙でできた財布、カードケース。商品をキャンバスに見立て、世界中の
デザイナーのアートをプリント。素材はデュポン社の開発した「Tyvek( タイべック)」を
使用。透湿・防水性に優れ、強度と耐久性を持ちながら、リサイクル可能な画期的な素材です。",,,,,,,,,,,,,,,,,,,,,,,3,0,1,ART017BRO,0,0,,2000,2000,,0,,,,,,,,,,,,,,,"1,2,4","NEW,残りわずか,オススメ",18,ウォレット/ペーパーウォレット
,,0,0,,,8,Paper wallet,ペーパーウォレット[paper wallet] WILD FOREST,1,http://paperwallet.com,,"ペーパーウォレット, paperwallet, paper wallet, HYPE Hawaiian, ハワイ",,,,,"Paperwallet(ペーパーウォレット)
New York 生まれの紙でできた財布、カードケース。商品をキャンバスに見立て、世界中の
デザイナーのアートをプリント。素材はデュポン社の開発した「Tyvek( タイべック)」を
使用。透湿・防水性に優れ、強度と耐久性を持ちながら、リサイクル可能な画期的な素材です。",,"Paperwallet(ペーパーウォレット)
New York 生まれの紙でできた財布、カードケース。商品をキャンバスに見立て、世界中の
デザイナーのアートをプリント。素材はデュポン社の開発した「Tyvek( タイべック)」を
使用。透湿・防水性に優れ、強度と耐久性を持ちながら、リサイクル可能な画期的な素材です。",,,,,,,,,,,,,,,,,,,,,,,3,0,1,ART009KLO,0,0,,2000,2000,,0,,,,,,,,,,,,,,,"1,2,4","NEW,残りわずか,オススメ",18,ウォレット/ペーパーウォレット
,,0,0,,,8,Paper wallet,ペーパーウォレット[paper wallet] X-LARGE,1,http://paperwallet.com,,"ペーパーウォレット, paperwallet, paper wallet, HYPE Hawaiian, ハワイ",,,,,"Paperwallet(ペーパーウォレット)
New York 生まれの紙でできた財布、カードケース。商品をキャンバスに見立て、世界中の
デザイナーのアートをプリント。素材はデュポン社の開発した「Tyvek( タイべック)」を
使用。透湿・防水性に優れ、強度と耐久性を持ちながら、リサイクル可能な画期的な素材です。",,"Paperwallet(ペーパーウォレット)
New York 生まれの紙でできた財布、カードケース。商品をキャンバスに見立て、世界中の
デザイナーのアートをプリント。素材はデュポン社の開発した「Tyvek( タイべック)」を
使用。透湿・防水性に優れ、強度と耐久性を持ちながら、リサイクル可能な画期的な素材です。",,,,,,,,,,,,,,,,,,,,,,,3,0,1,ART036XLA,0,0,,2000,2000,,0,,,,,,,,,,,,,,,"1,2,4","NEW,残りわずか,オススメ",18,ウォレット/ペーパーウォレット
